address,name,source,network
0x01c952174c24e1210d26961d456a77a39e1f0bb0,Binance,bscscan,binance_smart_chain
0x631fc1ea2270e98fbd9d92658ece0f5a269aa161,Binance,bscscan,binance_smart_chain
0xeb2d2f1b8c558a40207669291fda468e50c8a0bb,Binance,bscscan,binance_smart_chain
0x161ba15a5f335c9f06bb5bbb0a9ce14076fbb645,Binance,bscscan,binance_smart_chain
0x515b72ed8a97f42c568d6a143232775018f133c8,Binance,bscscan,binance_smart_chain
0xbd612a3f30dca67bf60a39fd0d35e39b7ab80774,Binance,bscscan,binance_smart_chain
0x7a8a34db9acd10c3b6277473b192fe47192569ca,Binance,bscscan,binance_smart_chain
0xa180fe01b906a1be37be6c534a3300785b20d947,Binance,bscscan,binance_smart_chain
0x29bdfbf7d27462a2d115748ace2bd71a2646946c,Binance,bscscan,binance_smart_chain
0x73f5ebe90f27b46ea12e5795d16c4b408b19cc6f,Binance,bscscan,binance_smart_chain
0xb1256d6b31e4ae87da1d56e5890c66be7f1c038e,Binance,bscscan,binance_smart_chain
0x17b692ae403a8ff3a3b2ed7676cf194310dde9af,Binance,bscscan,binance_smart_chain
0x8ff804cc2143451f454779a40de386f913dcff20,Binance,bscscan,binance_smart_chain
0xad9ffffd4573b642959d3b854027735579555cbc,Binance,bscscan,binance_smart_chain
0x8894e0a0c962cb723c1976a4421c95949be2d4e3,Binance,bscscan,binance_smart_chain
0xe2fc31f816a9b94326492132018c3aecc4a93ae1,Binance,bscscan,binance_smart_chain
0x3c783c21a0383057d128bae431894a5c19f9cf06,Binance,bscscan,binance_smart_chain
0xdccf3b77da55107280bd850ea519df3705d1a75a,Binance,bscscan,binance_smart_chain
0xc92afb747c0d6c54cfa414c4435360fd8427b635,BitDiamond,bscscan,binance_smart_chain
0x73f7edc2c4e3dbb0728184e1ef565d3e05efbc05,BitKeep,bscscan,binance_smart_chain
0x8c128dba2cb66399341aa877315be1054be75da8,Bitmart,bscscan,binance_smart_chain
0x328130164d0f2b9d7a52edc73b3632e713ff0ec6,Bitmart,bscscan,binance_smart_chain
0xa1813f73448a7392e6f069299c23120aeeab879a,CoinField,bscscan,binance_smart_chain
0x4727250679294802377dd6ca6541b8e459077c95,FixedFloat,bscscan,binance_smart_chain
0x0d0707963952f2fba59dd06f2b425ace40b492fe,Gate.io,bscscan,binance_smart_chain
0xefdca55e4bce6c1d535cb2d0687b5567eef2ae83,Huobi,bscscan,binance_smart_chain
0x878563de2b21f7604fb795759017ae2846c88885,Lyopay,bscscan,binance_smart_chain
0x4982085c9e2f89f2ecb8131eca71afad896e89cb,mexc.com,bscscan,binance_smart_chain
0x0211f3cedbef3143223d3acf0e589747933e8527,mexc.com,bscscan,binance_smart_chain
0x2e8f79ad740de90dc5f5a9f0d8d9661a60725e64,Mexc.com,bscscan,binance_smart_chain
